source,destination,status,preserve_query
https://usfansspreadsheet.net/official-usfans-spreadsheet,https://usfansspreadsheet.net/,301,TRUE
https://usfansspreadsheet.net/official-usfans-spreadsheet/,https://usfansspreadsheet.net/,301,TRUE
https://usfansspreadsheet.net/usfans-amiri-spreadsheet,https://usfansspreadsheet.net/usfans-spreadsheet/?q=Amiri,301,TRUE
https://usfansspreadsheet.net/usfans-amiri-spreadsheet/,https://usfansspreadsheet.net/usfans-spreadsheet/?q=Amiri,301,TRUE
https://usfansspreadsheet.net/usfans-arcteryx-spreadsheet,https://usfansspreadsheet.net/jackets.html,301,TRUE
https://usfansspreadsheet.net/usfans-arcteryx-spreadsheet/,https://usfansspreadsheet.net/jackets.html,301,TRUE
https://usfansspreadsheet.net/usfans-asics-spreadsheet,https://usfansspreadsheet.net/shoes.html,301,TRUE
https://usfansspreadsheet.net/usfans-asics-spreadsheet/,https://usfansspreadsheet.net/shoes.html,301,TRUE
https://usfansspreadsheet.net/usfans-bags-spreadsheet,https://usfansspreadsheet.net/bags.html,301,TRUE
https://usfansspreadsheet.net/usfans-bags-spreadsheet/,https://usfansspreadsheet.net/bags.html,301,TRUE
https://usfansspreadsheet.net/usfans-balenciaga-spreadsheet,https://usfansspreadsheet.net/usfans-spreadsheet/?q=Balenciaga,301,TRUE
https://usfansspreadsheet.net/usfans-balenciaga-spreadsheet/,https://usfansspreadsheet.net/usfans-spreadsheet/?q=Balenciaga,301,TRUE
https://usfansspreadsheet.net/usfans-bape-spreadsheet,https://usfansspreadsheet.net/usfans-spreadsheet/?q=Bape,301,TRUE
https://usfansspreadsheet.net/usfans-bape-spreadsheet/,https://usfansspreadsheet.net/usfans-spreadsheet/?q=Bape,301,TRUE
https://usfansspreadsheet.net/usfans-belt-spreadsheet,https://usfansspreadsheet.net/accessories.html,301,TRUE
https://usfansspreadsheet.net/usfans-belt-spreadsheet/,https://usfansspreadsheet.net/accessories.html,301,TRUE
https://usfansspreadsheet.net/usfans-best-batches-2026,https://usfansspreadsheet.net/,301,TRUE
https://usfansspreadsheet.net/usfans-best-batches-2026/,https://usfansspreadsheet.net/,301,TRUE
https://usfansspreadsheet.net/usfans-bottega-veneta-spreadsheet,https://usfansspreadsheet.net/bags.html,301,TRUE
https://usfansspreadsheet.net/usfans-bottega-veneta-spreadsheet/,https://usfansspreadsheet.net/bags.html,301,TRUE
https://usfansspreadsheet.net/usfans-budget-finds,https://usfansspreadsheet.net/usfans-spreadsheet/,301,TRUE
https://usfansspreadsheet.net/usfans-budget-finds/,https://usfansspreadsheet.net/usfans-spreadsheet/,301,TRUE
https://usfansspreadsheet.net/usfans-canada-goose-spreadsheet,https://usfansspreadsheet.net/jackets.html,301,TRUE
https://usfansspreadsheet.net/usfans-canada-goose-spreadsheet/,https://usfansspreadsheet.net/jackets.html,301,TRUE
https://usfansspreadsheet.net/usfans-cargo-pants-spreadsheet,https://usfansspreadsheet.net/pants.html,301,TRUE
https://usfansspreadsheet.net/usfans-cargo-pants-spreadsheet/,https://usfansspreadsheet.net/pants.html,301,TRUE
https://usfansspreadsheet.net/usfans-chinareptools-alternative,https://usfansspreadsheet.net/usfans-spreadsheet/,301,TRUE
https://usfansspreadsheet.net/usfans-chinareptools-alternative/,https://usfansspreadsheet.net/usfans-spreadsheet/,301,TRUE
https://usfansspreadsheet.net/usfans-chrome-hearts-spreadsheet,https://usfansspreadsheet.net/usfans-spreadsheet/?q=Chrome%20Hearts,301,TRUE
https://usfansspreadsheet.net/usfans-chrome-hearts-spreadsheet/,https://usfansspreadsheet.net/usfans-spreadsheet/?q=Chrome%20Hearts,301,TRUE
https://usfansspreadsheet.net/usfans-corteiz-spreadsheet,https://usfansspreadsheet.net/usfans-spreadsheet/?q=Corteiz,301,TRUE
https://usfansspreadsheet.net/usfans-corteiz-spreadsheet/,https://usfansspreadsheet.net/usfans-spreadsheet/?q=Corteiz,301,TRUE
https://usfansspreadsheet.net/usfans-cp-company-spreadsheet,https://usfansspreadsheet.net/jackets.html,301,TRUE
https://usfansspreadsheet.net/usfans-cp-company-spreadsheet/,https://usfansspreadsheet.net/jackets.html,301,TRUE
https://usfansspreadsheet.net/usfans-dior-spreadsheet,https://usfansspreadsheet.net/usfans-spreadsheet/?q=Dior,301,TRUE
https://usfansspreadsheet.net/usfans-dior-spreadsheet/,https://usfansspreadsheet.net/usfans-spreadsheet/?q=Dior,301,TRUE
https://usfansspreadsheet.net/usfans-dunk-spreadsheet,https://usfansspreadsheet.net/shoes.html,301,TRUE
https://usfansspreadsheet.net/usfans-dunk-spreadsheet/,https://usfansspreadsheet.net/shoes.html,301,TRUE
https://usfansspreadsheet.net/usfans-electronics-spreadsheet,https://usfansspreadsheet.net/electronics.html,301,TRUE
https://usfansspreadsheet.net/usfans-electronics-spreadsheet/,https://usfansspreadsheet.net/electronics.html,301,TRUE
https://usfansspreadsheet.net/usfans-essentials-spreadsheet,https://usfansspreadsheet.net/usfans-spreadsheet/?q=Essentials,301,TRUE
https://usfansspreadsheet.net/usfans-essentials-spreadsheet/,https://usfansspreadsheet.net/usfans-spreadsheet/?q=Essentials,301,TRUE
https://usfansspreadsheet.net/usfans-fear-of-god-spreadsheet,https://usfansspreadsheet.net/usfans-spreadsheet/?q=Fear%20of%20God,301,TRUE
https://usfansspreadsheet.net/usfans-fear-of-god-spreadsheet/,https://usfansspreadsheet.net/usfans-spreadsheet/?q=Fear%20of%20God,301,TRUE
https://usfansspreadsheet.net/usfans-gallery-dept-spreadsheet,https://usfansspreadsheet.net/usfans-spreadsheet/?q=Gallery%20Dept,301,TRUE
https://usfansspreadsheet.net/usfans-gallery-dept-spreadsheet/,https://usfansspreadsheet.net/usfans-spreadsheet/?q=Gallery%20Dept,301,TRUE
https://usfansspreadsheet.net/usfans-google-sheets-alternative,https://usfansspreadsheet.net/usfans-spreadsheet/,301,TRUE
https://usfansspreadsheet.net/usfans-google-sheets-alternative/,https://usfansspreadsheet.net/usfans-spreadsheet/,301,TRUE
https://usfansspreadsheet.net/usfans-gucci-spreadsheet,https://usfansspreadsheet.net/usfans-spreadsheet/?q=Gucci,301,TRUE
https://usfansspreadsheet.net/usfans-gucci-spreadsheet/,https://usfansspreadsheet.net/usfans-spreadsheet/?q=Gucci,301,TRUE
https://usfansspreadsheet.net/usfans-hellstar-spreadsheet,https://usfansspreadsheet.net/usfans-spreadsheet/?q=Hellstar,301,TRUE
https://usfansspreadsheet.net/usfans-hellstar-spreadsheet/,https://usfansspreadsheet.net/usfans-spreadsheet/?q=Hellstar,301,TRUE
https://usfansspreadsheet.net/usfans-hermes-spreadsheet,https://usfansspreadsheet.net/usfans-spreadsheet/?q=Hermes,301,TRUE
https://usfansspreadsheet.net/usfans-hermes-spreadsheet/,https://usfansspreadsheet.net/usfans-spreadsheet/?q=Hermes,301,TRUE
https://usfansspreadsheet.net/usfans-hoka-spreadsheet,https://usfansspreadsheet.net/shoes.html,301,TRUE
https://usfansspreadsheet.net/usfans-hoka-spreadsheet/,https://usfansspreadsheet.net/shoes.html,301,TRUE
https://usfansspreadsheet.net/usfans-hoodies-spreadsheet,https://usfansspreadsheet.net/hoodies.html,301,TRUE
https://usfansspreadsheet.net/usfans-hoodies-spreadsheet/,https://usfansspreadsheet.net/hoodies.html,301,TRUE
https://usfansspreadsheet.net/usfans-jersey-spreadsheet,https://usfansspreadsheet.net/jersey.html,301,TRUE
https://usfansspreadsheet.net/usfans-jersey-spreadsheet/,https://usfansspreadsheet.net/jersey.html,301,TRUE
https://usfansspreadsheet.net/usfans-jordan-spreadsheet,https://usfansspreadsheet.net/shoes.html,301,TRUE
https://usfansspreadsheet.net/usfans-jordan-spreadsheet/,https://usfansspreadsheet.net/shoes.html,301,TRUE
https://usfansspreadsheet.net/usfans-loewe-spreadsheet,https://usfansspreadsheet.net/usfans-spreadsheet/?q=Loewe,301,TRUE
https://usfansspreadsheet.net/usfans-loewe-spreadsheet/,https://usfansspreadsheet.net/usfans-spreadsheet/?q=Loewe,301,TRUE
https://usfansspreadsheet.net/usfans-louis-vuitton-spreadsheet,https://usfansspreadsheet.net/usfans-spreadsheet/?q=Louis%20Vuitton,301,TRUE
https://usfansspreadsheet.net/usfans-louis-vuitton-spreadsheet/,https://usfansspreadsheet.net/usfans-spreadsheet/?q=Louis%20Vuitton,301,TRUE
https://usfansspreadsheet.net/usfans-luxury-reps-spreadsheet,https://usfansspreadsheet.net/categories/,301,TRUE
https://usfansspreadsheet.net/usfans-luxury-reps-spreadsheet/,https://usfansspreadsheet.net/categories/,301,TRUE
https://usfansspreadsheet.net/usfans-maison-margiela-spreadsheet,https://usfansspreadsheet.net/usfans-spreadsheet/?q=Maison%20Margiela,301,TRUE
https://usfansspreadsheet.net/usfans-maison-margiela-spreadsheet/,https://usfansspreadsheet.net/usfans-spreadsheet/?q=Maison%20Margiela,301,TRUE
https://usfansspreadsheet.net/usfans-maisonlooks-alternative,https://usfansspreadsheet.net/usfans-spreadsheet/,301,TRUE
https://usfansspreadsheet.net/usfans-maisonlooks-alternative/,https://usfansspreadsheet.net/usfans-spreadsheet/,301,TRUE
https://usfansspreadsheet.net/usfans-miu-miu-spreadsheet,https://usfansspreadsheet.net/usfans-spreadsheet/?q=Miu%20Miu,301,TRUE
https://usfansspreadsheet.net/usfans-miu-miu-spreadsheet/,https://usfansspreadsheet.net/usfans-spreadsheet/?q=Miu%20Miu,301,TRUE
https://usfansspreadsheet.net/usfans-moncler-spreadsheet,https://usfansspreadsheet.net/jackets.html,301,TRUE
https://usfansspreadsheet.net/usfans-moncler-spreadsheet/,https://usfansspreadsheet.net/jackets.html,301,TRUE
https://usfansspreadsheet.net/usfans-new-balance-spreadsheet,https://usfansspreadsheet.net/shoes.html,301,TRUE
https://usfansspreadsheet.net/usfans-new-balance-spreadsheet/,https://usfansspreadsheet.net/shoes.html,301,TRUE
https://usfansspreadsheet.net/usfans-nike-tech-fleece,https://usfansspreadsheet.net/hoodies.html,301,TRUE
https://usfansspreadsheet.net/usfans-nike-tech-fleece/,https://usfansspreadsheet.net/hoodies.html,301,TRUE
https://usfansspreadsheet.net/usfans-off-white-spreadsheet,https://usfansspreadsheet.net/usfans-spreadsheet/?q=Off%20White,301,TRUE
https://usfansspreadsheet.net/usfans-off-white-spreadsheet/,https://usfansspreadsheet.net/usfans-spreadsheet/?q=Off%20White,301,TRUE
https://usfansspreadsheet.net/usfans-palace-spreadsheet,https://usfansspreadsheet.net/usfans-spreadsheet/?q=Palace,301,TRUE
https://usfansspreadsheet.net/usfans-palace-spreadsheet/,https://usfansspreadsheet.net/usfans-spreadsheet/?q=Palace,301,TRUE
https://usfansspreadsheet.net/usfans-prada-spreadsheet,https://usfansspreadsheet.net/usfans-spreadsheet/?q=Prada,301,TRUE
https://usfansspreadsheet.net/usfans-prada-spreadsheet/,https://usfansspreadsheet.net/usfans-spreadsheet/?q=Prada,301,TRUE
https://usfansspreadsheet.net/usfans-rep-spreadsheet,https://usfansspreadsheet.net/usfans-spreadsheet/,301,TRUE
https://usfansspreadsheet.net/usfans-rep-spreadsheet/,https://usfansspreadsheet.net/usfans-spreadsheet/,301,TRUE
https://usfansspreadsheet.net/usfans-rick-owens-spreadsheet,https://usfansspreadsheet.net/usfans-spreadsheet/?q=Rick%20Owens,301,TRUE
https://usfansspreadsheet.net/usfans-rick-owens-spreadsheet/,https://usfansspreadsheet.net/usfans-spreadsheet/?q=Rick%20Owens,301,TRUE
https://usfansspreadsheet.net/usfans-salomon-spreadsheet,https://usfansspreadsheet.net/shoes.html,301,TRUE
https://usfansspreadsheet.net/usfans-salomon-spreadsheet/,https://usfansspreadsheet.net/shoes.html,301,TRUE
https://usfansspreadsheet.net/usfans-sneakers-spreadsheet,https://usfansspreadsheet.net/shoes.html,301,TRUE
https://usfansspreadsheet.net/usfans-sneakers-spreadsheet/,https://usfansspreadsheet.net/shoes.html,301,TRUE
https://usfansspreadsheet.net/usfans-spreadsheet-2026,https://usfansspreadsheet.net/,301,TRUE
https://usfansspreadsheet.net/usfans-spreadsheet-2026/,https://usfansspreadsheet.net/,301,TRUE
https://usfansspreadsheet.net/usfans-spreadsheet-download,https://usfansspreadsheet.net/,301,TRUE
https://usfansspreadsheet.net/usfans-spreadsheet-download/,https://usfansspreadsheet.net/,301,TRUE
https://usfansspreadsheet.net/usfans-spreadsheet-for-usa,https://usfansspreadsheet.net/usfans-shipping-usa/,301,TRUE
https://usfansspreadsheet.net/usfans-spreadsheet-for-usa/,https://usfansspreadsheet.net/usfans-shipping-usa/,301,TRUE
https://usfansspreadsheet.net/usfans-spreadsheet-link,https://usfansspreadsheet.net/,301,TRUE
https://usfansspreadsheet.net/usfans-spreadsheet-link/,https://usfansspreadsheet.net/,301,TRUE
https://usfansspreadsheet.net/usfans-spreadsheet-mobile,https://usfansspreadsheet.net/usfans-spreadsheet/,301,TRUE
https://usfansspreadsheet.net/usfans-spreadsheet-mobile/,https://usfansspreadsheet.net/usfans-spreadsheet/,301,TRUE
https://usfansspreadsheet.net/usfans-stone-island-spreadsheet,https://usfansspreadsheet.net/usfans-spreadsheet/?q=Stone%20Island,301,TRUE
https://usfansspreadsheet.net/usfans-stone-island-spreadsheet/,https://usfansspreadsheet.net/usfans-spreadsheet/?q=Stone%20Island,301,TRUE
https://usfansspreadsheet.net/usfans-streetwear-spreadsheet,https://usfansspreadsheet.net/clothing.html,301,TRUE
https://usfansspreadsheet.net/usfans-streetwear-spreadsheet/,https://usfansspreadsheet.net/clothing.html,301,TRUE
https://usfansspreadsheet.net/usfans-stussy-spreadsheet,https://usfansspreadsheet.net/usfans-spreadsheet/?q=Stussy,301,TRUE
https://usfansspreadsheet.net/usfans-stussy-spreadsheet/,https://usfansspreadsheet.net/usfans-spreadsheet/?q=Stussy,301,TRUE
https://usfansspreadsheet.net/usfans-sunglasses-spreadsheet,https://usfansspreadsheet.net/accessories.html,301,TRUE
https://usfansspreadsheet.net/usfans-sunglasses-spreadsheet/,https://usfansspreadsheet.net/accessories.html,301,TRUE
https://usfansspreadsheet.net/usfans-supreme-spreadsheet,https://usfansspreadsheet.net/usfans-spreadsheet/?q=Supreme,301,TRUE
https://usfansspreadsheet.net/usfans-supreme-spreadsheet/,https://usfansspreadsheet.net/usfans-spreadsheet/?q=Supreme,301,TRUE
https://usfansspreadsheet.net/usfans-trapstar-spreadsheet,https://usfansspreadsheet.net/usfans-spreadsheet/?q=Trapstar,301,TRUE
https://usfansspreadsheet.net/usfans-trapstar-spreadsheet/,https://usfansspreadsheet.net/usfans-spreadsheet/?q=Trapstar,301,TRUE
https://usfansspreadsheet.net/usfans-travis-scott-spreadsheet,https://usfansspreadsheet.net/shoes.html,301,TRUE
https://usfansspreadsheet.net/usfans-travis-scott-spreadsheet/,https://usfansspreadsheet.net/shoes.html,301,TRUE
https://usfansspreadsheet.net/usfans-van-cleef-spreadsheet,https://usfansspreadsheet.net/accessories.html,301,TRUE
https://usfansspreadsheet.net/usfans-van-cleef-spreadsheet/,https://usfansspreadsheet.net/accessories.html,301,TRUE
https://usfansspreadsheet.net/usfans-vintage-tee-spreadsheet,https://usfansspreadsheet.net/t-shirts.html,301,TRUE
https://usfansspreadsheet.net/usfans-vintage-tee-spreadsheet/,https://usfansspreadsheet.net/t-shirts.html,301,TRUE
https://usfansspreadsheet.net/usfans-vlone-spreadsheet,https://usfansspreadsheet.net/usfans-spreadsheet/?q=Vlone,301,TRUE
https://usfansspreadsheet.net/usfans-vlone-spreadsheet/,https://usfansspreadsheet.net/usfans-spreadsheet/?q=Vlone,301,TRUE
https://usfansspreadsheet.net/usfans-vs-jadeship,https://usfansspreadsheet.net/vs.html,301,TRUE
https://usfansspreadsheet.net/usfans-vs-jadeship/,https://usfansspreadsheet.net/vs.html,301,TRUE
https://usfansspreadsheet.net/usfans-vs-pandabuy-spreadsheet,https://usfansspreadsheet.net/vs.html,301,TRUE
https://usfansspreadsheet.net/usfans-vs-pandabuy-spreadsheet/,https://usfansspreadsheet.net/vs.html,301,TRUE
https://usfansspreadsheet.net/usfans-w2c-spreadsheet,https://usfansspreadsheet.net/usfans-spreadsheet/,301,TRUE
https://usfansspreadsheet.net/usfans-w2c-spreadsheet/,https://usfansspreadsheet.net/usfans-spreadsheet/,301,TRUE
https://usfansspreadsheet.net/usfans-watch-spreadsheet,https://usfansspreadsheet.net/accessories.html,301,TRUE
https://usfansspreadsheet.net/usfans-watch-spreadsheet/,https://usfansspreadsheet.net/accessories.html,301,TRUE
https://usfansspreadsheet.net/usfans-yeezy-spreadsheet,https://usfansspreadsheet.net/shoes.html,301,TRUE
https://usfansspreadsheet.net/usfans-yeezy-spreadsheet/,https://usfansspreadsheet.net/shoes.html,301,TRUE
https://usfansspreadsheet.net/usfansspreadsheet-org,https://usfansspreadsheet.net/,301,TRUE
https://usfansspreadsheet.net/usfansspreadsheet-org/,https://usfansspreadsheet.net/,301,TRUE
